"bid","title"
0,"코딩"
1,"클래스간 변수 쓰는법 질문드립니다."
2,"C++ 링크드리스트 과제 중 LNK2019 오류"
3,"JS도 프로그래밍 언어인가요?"
4,"★고용노동부 6년연속 우수훈련기관★ 전액무료 VR/AR개발자 부트캠프[2022년05월23일 개강]"
5,"대전] 여름방학 얼리버드 특별할인 이벤트!"
6,"C++,QT,ANDROID개발자 구직합니다  대한민국 최저가"
7,"예외처리 질문있습니다"
8,"c언어 기초 질문"
9,"C언어 입문자입니다."
10,"위치를 읽는 동안 엑세스 위반이 발생했습니다"
11,"머신러닝 언어 선택"
12,"c/c++에 관해 간단한 질문입니다"
13,"c++ vector에 포인터 넣는 질문입니다... 제가 바보가 된 것 같아요..."
14,"c++ 메모리에 문자열 할당 후 sizeof 질문"
15,"엑세스거부 뜨는데 이유를 모르겠어요"
16,"c++ 클래스 Manage에 대해 문의합니다"
17,"클래스 멤버 함수 외부 정의에 관한 질문 드립니다!"
18,"win32 api에서 windows.h 사용부분 파트"
19,"while문 작동이 안되는데 왜 그런지 모르겠습니다"
20,"QT로 차트를 만들고있는데요"
21,"[C++] 안녕하세요 C++ 기초적인 문자열 반복 입력에 관한 문제입니다"
22,"이벤트 내부 구조가 궁금합니다!!!"
23,"C# 또는 C++ 을 활용한 Windows 제어"
24,"정신이 나갈 것 같습니다."
25,"c++ class함수 질문입니다!!"
26,"Octree에 관하여 질문이 있습니다. (C++)"
27,"참조리턴에 대해서 궁금한게 있습니다."
28,"c++ 링크드 리스트 질문드립니다"
29,"C++ 설계 질문입니다."
30,"Opengl gluLookat 동차좌표"
31,"static 클래스 멤버변수의 정의 위치 질문드립니다"
32,"코드를 추가하고 싶은데 어떻게 해야 할지 모르겠습니다."
33,"개초보인데 버블정렬을 만들어봤는데 ntdll.pdb 로드되지않음 이 뜹니다 뭐가 문제인지 모르겠습니다"
34,"무한 반복해서 실행이 되는데 뭐가 문제일까요"
35,"C++ 다중 포인터 관련 질문입니다."
36,"초보인데 오류를 어떻게 수정해야할지 모르겠습니다"
37,"20년된 개발자 의뢰받습니다 c++,java,qt android"
38,"이직을 위한 코딩테스트 언어 선택 및 공부 질문좀 드립니다"
39,"C++ 템플릿 함수 파일 분할"
40,"wcscmp라는 함수 여러분 같으면?"
41,"class 멤버변수에 int* 가 있을 때, 메모리 할당과 해제에 대해서 질문드립니다."
42,"c++ 2차원배열을 동적할당으로 만드는데 초기화가 안됩니다"
43,"대한민국 최저가  20년차 개발자 ffmpeg,java,qt,android,c++,c"
44,"WinMain을 대신하는 메인함수 메크로는 어떤것을 사용하는지"
45,"c++ 배열을 클래스 실현부와 구현부 함수에 매개변수로 어떻게 표현하는지 궁금합니다."
46,"memcpy와 관련해서 질문이 있습니다."
47,"코드업 기초 100제 푸는데 막히네요 ㅠㅠ"
48,"c 언어 기초 연산 관련 질문입니다 . 아시는 분 계시면 해답좀 부탁드리겠습니다."
49,"30대 중반 FA 현실적 조언 부탁드립니다."
50,"c++에서 string선언후 문자열을 숫자로 변환했을떄 어떻게 사용하는지 모르겠습니다."
51,"기초 100제를 푸는데 이상하게 여기서 막히네요 ㅠㅠ"
52,"MFC C++ Vector"
53,"C++ MFC vector 관련 질문입니다."
54,"C++ dll 로드시, delay-loaded dll 에 대한 질문입니다."
55,"제발 문제 좀 찾아주세요 2시간째입니다ㅜㅜ"
56,"과목 수강 검토 부탁드립니다"
57,"3차원 배열 전치"
58,"자료구조 책 추천 부탁드립니다"
59,"VTK와 QT 관련 Stl 파일 사용에 관해 조언을 구하고있습니다."
60,"C++ 함수 오버로딩 질문"
61,"C++ void 함수, int 함수 기본적인 질문 드립니다."
62,"구조체 만들때 질문드립니다"
63,"맥 vscode c++ 클래스 파일분할 에러.."
64,"C++ 소멸자 질문"
65,"C++ 이동 시멘틱 질문입니다."
66,"C++ call by reference 와 call by value 질문"
67,"C++ Shader에서 눈알이 그려지지 않는 상황입니다."
68,"포인터와 참조자"
69,"c++에서 friend"
70,"m1 에서 c++, Qt 개발 해보신분 있나요?"
71,"c언어 변수 초기화 질문"
72,"함수 내에서 다른 함수 호출이 중복되는 경우 해결방법이 있나요?"
73,"서버개발자 언어는 여전히 C인가요?"
74,"반도체 장비사 면접 어떻게 준비해야 할까요?"
75,"C++ DFS알고리즘: 조합"
76,"[C++] delete로 메모리 할당을 해제한다면...?"
77,"[종로] C++ 스터디원 모집!"
78,"c++ 삼항연산자 질문"
79,"헤더파일에 클래스를 선언하고 함수를 정의하는방식"
80,"CreateCompatibleDC 실패"
81,"call by reference 질문 드립니다."
82,"for 문 질문하겠습니다!"
83,"C++ 디버깅 질문입니다."
84,"[국비지원 전액무료] 전국 취업률 1위 게임아카데미에서 게임개발자로 취업하세요!"
85,"C 언어 질문"
86,"프로그래밍 배우고싶습니다.현직or경력분들"
87,"C++ 헤더 적용 법을 모르겠습니다."
88,"Cmake 빌드한 라이브러리 배포시 참조 라이브러리 경로 문제"
89,"C/C++ 프로그래밍 교육 수강생 모집 (국비지원)"
90,"왜 이렇게 출력되나요?"
91,"연산자 함수 프렌드로 작성 시 오류 (C++, 컴파일러 오류 C2801)"
92,"winapi bmp 파일과 gdi툴이 출력이 안되는 오류입니다."
93,"C++ 11, arduino NodeMCU ESP 32, compile error 에 대한 질문"
94,"맥북 c++ 개발환경 질문드립니다."
95,"c++ 상속 - 자식의 자식 클래스가 조부모의 클래스멤버에 접근할 수 없는 건에 관하여"
96,"코딩 공부 - 출력 관련 오류 질문드립니다!"
97,"(마감)코테 알고리즘 스터디 왕초보"
98,"C++ 빙고게임 카운트가 이상하게 세집니다."
99,"코딩테스트 c++ vector 사용 금지?"
100,"3D에서 콜라이더 충돌을 2D에서 진행할 때 z값에 따른 좌표 보정"
101,"기업 코딩테스트 대비 알고리즘 스터디 모집"
102,"C언어 자료구조 C++, 3개월 교육 완성반"
103,"예외가 처리되지 않음 오류 어떻게 수정해야되나요 ㅠㅠ"
104,"문자열 한글단위로 split"
105,"vs code에서 c++ 빌드"
106,"싱글톤, 상속, 객체 사용?"
107,"코딩 질문 드립니다ㅜㅜ / 영업사원 관리 프로그램 입니다."
108,"AndroidStudio 와 linux 컴퓨터의 블루투스 통신"
109,"Windows setsockopt 함수 질문드려요"
110,"자바와 c의 차이"
111,"[장소제공] C++ 코테 대비 스터디원 모집 (~12/15)"
112,"경로표현을 어떻게 생각 하시나요"
113,"C언어 동적메모리 할당 질문있습니다!"
114,"c++ 이틀된 왕초보 void 함수 문의사항입니다!"
115,"MFC 64BIT용 디버깅 프로그램이 있을까요?"
116,"C++ 디자인"
117,"아두이노 fsr센서 워터펌프작동"
118,"c++에서 인스턴스를 리턴할 때 궁금한 점이 있습니다."
119,"C언어 배우고있는데 궁금한게 있습니다!"
120,"c++ 코딩테스트볼때"
121,"신입 웹개발자 코딩테스트"
122,"많은 rest api 를 호출하는 윈도우app은 구조를 어떻게 잡아야하나요?"
123,"[모각코]알고리즘 온라인 스터디 하실 분"
124,"C++ TCP에서 long long 타입의 패킷화에 대한 질문입니다"
125,"c++ 클래스 동적할당 및 스택 관련 문제인데"
126,"현 시대 C++ 프로젝트에서 메소드 정의를 헤더와 cpp중 어디에 넣을지 구분하는 기준은 무엇일까요..?"
127,"c++ 구조체 벡터 배열 실습 중 모르는 부분 질문드립니다~"
128,"cin에 const 형 쓰는법"
129,"MFC에서 Split 윈도우 질문드립니다."
130,"그림으로 배우는 시리즈 [C programming / Python]"
131,"[C] 포인터 예제 문제풀이 도와주세요"
132,"소켓통신 Receive 질문드립니다."
133,"C언어 2차원 배열 + 포인터 예제 질문입니다"
134,"C++ vector 퀵정렬 알고리즘 관련 질문 있습니다."
135,"C언어 배우고있는데 궁금한게 있습니다!"
136,"c++ 코딩테스트볼때"
137,"많은 rest api 를 호출하는 윈도우app은 구조를 어떻게 잡아야하나요?"
138,"신입 웹개발자 코딩테스트"
139,"[모각코]알고리즘 온라인 스터디 하실 분"
140,"MFC에서 Split 윈도우 질문드립니다."
141,"그림으로 배우는 시리즈 [C programming / Python]"
142,"현 시대 C++ 프로젝트에서 메소드 정의를 헤더와 cpp중 어디에 넣을지 구분하는 기준은 무엇일까요..?"
143,"c++ 구조체 벡터 배열 실습 중 모르는 부분 질문드립니다~"
144,"C++ TCP에서 long long 타입의 패킷화에 대한 질문입니다"
145,"cin에 const 형 쓰는법"
146,"c++ 클래스 동적할당 및 스택 관련 문제인데"
147,"[C] 포인터 예제 문제풀이 도와주세요"
148,"소켓통신 Receive 질문드립니다."
149,"C언어 2차원 배열 + 포인터 예제 질문입니다"
150,"C++ vector 퀵정렬 알고리즘 관련 질문 있습니다."
151,"구조체를 전역변수로 쓰려면 어떻게 해야하나요?"
152,"클래스 생성자 질문드립니다."
153,"C++ 코테 스터디 모집합니다 (마감)"
154,"스네이크 게임 도중에 뱀이 먹이를 먹어도 제대로 반응하지 않고 가끔 절반만 먹을때도 있습니다"
155,"좀만 도와주십시오.ㅜㅜ(동영상 공유)"
156,"c++ 코테 및 알고리즘 스터디 인원 충원(내용수정)"
157,"C++ 영상처리/GIS 개발자 구인"
158,"간단한 c++ 질문 입니다!"
159,"this이(가) nullptr였습니다.."
160,"C언어 포인터 질문드립니다"
161,"C 연결리스트 구현 도중 2040오류..."
162,"파이썬을 주언어로 쓰고있는데 서브언어 추천좀 부탁드립니다."
163,"C++ 개발자의 고민, 진로 걱정"
164,"반복문관련 궁금증"
165,"[C] 간단한 연산자 문제 어디가 잘못된거죠"
166,"개발자가 되고 싶은 대학생입니다"
167,"Visual Studio 2019 C언어 주석 닫기 오류"
168,"자바는 C++과 이런 게 다른가요?"
169,"MFC strcore.cpp 154번째 Line.."
170,"C++ 더블포인터로 구현하는 스텍 질문 있습니다."
171,"c++ 객체 초기화? 질문"
172,"c언어 초보입니다.. 결과값이 왜 계속 0으로 나올까요?"
173,"다형성에관한 질문을 드립니다."
174,"C++ 코딩 에러 질문입니다!"
175,"개발자양성국비지원학원추천"
176,"고졸취업전문학원추천"
177,"엑세스위반에러"
178,"집에만 있으면 뭐해..IT공부하자"
179,"C/C++ 개발자 채용연계 실무교육"
180,"녹화된강의 보면서 IT공부하자"
181,"핵심적인 내용의 IT인강사이트"
182,"코로나로 나오기 힘든 밖에서 인터넷으로 IT를 배워보자"
183,"[한국SW기술진흥협회] C/C++ 개발을 위한 취업 연계 교육 (국비교육)"
184,"C++ 멀티 스레드에 Queue를 통해 data 보내기"
185,"빠른 문자열 비교 어떻게 구현 하시겠나요"
186,"C++ 알고리즘 스터디 (온라인 화상, 디스코드 )"
187,"Spring boot Websocket 파일을 전송받고 싶습니다!"
188,"MFC에서 MDI 잘 아시는분 계실까요?ㅠ"
189,"programmers 코딩 테스트 연습 // 소수찾기 문제 질문 있습니다."
190,"c++ 포인터 참조 질문 있습니다."
191,"연산자 오버로딩에 대해 질문있습니다"
192,"Opencv video 저장 관련 질문"
193,"c++ int a = 1 , int a(1) 은 무슨 차이 인가요?"
194,"백준 6593번 반례 가르쳐주시면 정말 감사하겠습니다"
195,"C++ OPENCV 전치리문 질문"
196,"문법적인 오류좀 봐주시면 감사하겠습니다"
197,"C++ visual studio EXE 파일 만들기"
198,"c언어 위칙액세스 위반오류 제발 부탁드립니다ㅡㅜㅠㅜㅠㅜㅠ"
199,"MFC에서 소켓통신으로 string 전달은 안되나요?"
200,"dbghook.c를 찾을 수 없음"
201,"백준 2644번 반례를 찾아주시면 감사하겠습니다"
202,"C++ 이미지 병렬 처리 질문"
203,"vector<class> 는 resize가 안되는 이유를 가르쳐주시면 감사하겠습니다"
204,"visual studio 디버깅하다가 멈춤"
205,"기업에서 무료로 C++ 개발환경 구축 질문드립니다."
206,"Leet code 581"
207,"지역변수 정적변수 질문"
208,"cin>> 이 어떻게 표현식이 되는지 궁금합니다."
209,"백준 3614번 문제 메모리 초과"
210,"여러분은 백준 어떤 언어로 푸시나여"
211,"Size_t에서 _t의 어원? 기원?이 무엇일까요??"
212,"배열 범위 초과"
213,"자료형 질문"
214,"C++ FLT_EPSILON 질문 있습니다."
215,"char형을 지시하는 포인터를 cout으로 출력할때 첫번째 문자부터 랜덤으로 위치하는 널문자까지의 크기"
216,"[C++]역변수와 멤버변수 차이를 정확히 모르겠습니다."
217,"[수원 영통] effective c++ 스터디"
218,"[파이썬/자바/ c언어/c++/jsp] 프로그래밍언어 뭐부터 시작할까?"
219,"안녕하세요 아두이노에 대해 궁금한 것이 있습니다.."
220,"[IT비대면라이브수업] 비대면이지만 라이브처럼 생생하게!"
221,"이런것도 코딩으로 구현 가능할까요? 도움이 필요합니다ㅠㅠ"
222,"c++ 간단한 질문 하나만 하겠습니다.. 도와주십쇼!"
223,"c++ 질문) 클래스 생성자에 관한 질문입니다"
224,"c++ main함수 에러 질문입니다"
225,"(완료) 8월이후 투입 가능한 프로젝트 찾고 있습니다."
226,"이 문제에 나온 정점이 만개이면 어떻게 풀어야 하나요?"
227,"? for문에 ( 변수선언 : 벡터) 해석 방법 아시나요? ㅠㅠ"
228,"C++(MFC)에서 구조체 초기화 어떻게 하나요?"
229,"백준 16940번 입출력 똑같은데, 틀렸습니다가 나옵니다."
230,"로그인없이 거의 모든 개발 언어의 테스트와 공유가 가능한 사이트 (온라인 컴파일러, 통합환경)"
231,"window 기반 프로그램 gui C# vs C++"
232,"MFC에서 구조체 멤버 변수를 어떻게 자유롭게 쓰나요?"
233,"C++ 포인터 질문"
234,"헤어파일을 #include 시킬때요"
235,"변수를 공유하려면 어떻게 하나요?"
236,"안녕하세요 3년차 개발자입니다.(완)"
237,"비주얼스튜디오 빌드 밎 결과 출력 질문"
238,"MFC Text 파일 줄 맞춰 출력 할 수 없을까요?"
239,"모각코 c++ 스터디 구합니다. (직장인/강남권)"
240,"(초보)(영상처리) 스테레오 매칭에서 타겟윈도우 사이즈와 정합률의 관계를 알고 싶습니다.(급합니다ㅜㅜ)"
241,"C언어의 포인터로 인한 타입시스템 안전성에 대해서"
242,"님덜 C++ 실행파일 코드 보는 법은 없나요"
243,"메모리 영역에 대한 질문입니다."
244,"C언어 도와주세요"
245,"코딩테스트에서 c++ 알고리즘 라이브러리를 얼만큼 사용하시나요?"
246,"[초보] TXT파일을 리스트에 불러와 저장 후, 리스트 내용 검색 시 중복 처리 문제입니다."
247,"[초보]C++ MFC Listctrl 텍스트파일에서 불러오기 오류"
248,"클래스 변수를 레퍼런스로 받은 뒤 퍼블릭 변수에 접근 결과가 이해가 되지 않습니다."
249,"c++ 예금 이자 계산 질문입니다"
250,"c언어 초보 질문이요 ㅜㅜ"
251,"c++ 구구단 출력과 가로축과 세로축 합계"
252,"깃헙에서 다운받았는데 인클루드 경로를 바꾸려면"
253,"cin.tie(null) 과  cout.tie(null)의 차이는 뭔가요?"
254,"대학교 1학년생입니다"
255,"코딩테스트 사용언어 질문"
256,"웹서버와 로컬 프로그램간의 통신 원리 질문합니다."
257,"여쭤보고 싶은게 있어서요"
258,"opencv c++ face detection 쪽 질문이 있습니다."
259,"메모리 영역에 대한 질문입니다."
260,"C언어 도와주세요"
261,"코딩테스트에서 c++ 알고리즘 라이브러리를 얼만큼 사용하시나요?"
262,"[초보] TXT파일을 리스트에 불러와 저장 후, 리스트 내용 검색 시 중복 처리 문제입니다."
263,"[초보]C++ MFC Listctrl 텍스트파일에서 불러오기 오류"
264,"클래스 변수를 레퍼런스로 받은 뒤 퍼블릭 변수에 접근 결과가 이해가 되지 않습니다."
265,"c++ 구구단 출력과 가로축과 세로축 합계"
266,"c++ 예금 이자 계산 질문입니다"
267,"c언어 초보 질문이요 ㅜㅜ"
268,"깃헙에서 다운받았는데 인클루드 경로를 바꾸려면"
269,"대학교 1학년생입니다"
270,"코딩테스트 사용언어 질문"
271,"cin.tie(null) 과  cout.tie(null)의 차이는 뭔가요?"
272,"웹서버와 로컬 프로그램간의 통신 원리 질문합니다."
273,"여쭤보고 싶은게 있어서요"
274,"매크로 지시자를 사용하는 사용하는 이유에 대해 궁금합니다"
275,"opencv c++ face detection 쪽 질문이 있습니다."
276,"c++ 문제 질문이에요."
277,"[c++] 2차원 배열을 받아서 각 행별로 합을 구하여 그 값을 배열로 리턴하는 프로그램"
278,"c++에서 왜 구조체가 필요한지 궁금합니다"
279,"c++ 질문입니다"
280,"서울 C++ 알고리즘 스터디 사람구합니다 [마감]"
281,"개초보 가격 구하는 프로그램 짜고 있는데 질문 좀 부탁드려요"
282,"다시 시작해보고 싶습니다."
283,"C++ 구조체와 함수 코딩 중 질문 드립니다."
284,"c++ 클래스 관련 질문입니다"
285,"C++ 웹 프레임워크에서..."
286,"이문제좀 풀어주세요.."
287,"현업자분들 C++개발시 람다식 사용하시나요??"
288,"c++ 디폴트 매개변수 하나의 함수로만 구현하는 방법 질문"
289,"C++에서 동적배열의 기능이 필요한데 뭐라고 검색해야될지 잘 모르겠습니다."
290,"윈도우 어플리케이션 개발 취업에 관해 질문 드립니다"
291,"다른사람이 만든 코드를 수정 해야하는데 미리 알아야 할게 뭐가 있을까요?"
292,"c++ 특정 함수 실행시 강제종료됩니다..."
293,"c언어 새내기 질문있읍니다!"
294,"언어 추천 부탁드려요"
295,"학부생 학업 관련 질문 있습니다."
296,"c++ STL을 사용하지 않고 중간 문자열을 삭제"
297,"구조체 배열 정렬관련하에 관련하여 질문있습니다!"
298,"혼자 배우고 있는 초보잔데요 처음에 입력한 값을 다시 되돌릴려면 어떻게 해야하죠?"
299,"C언어 오류 뜨는데 어떡하져?"
300,"c++ 구조체 배열 정렬하는 법 질문있습니다!"
301,"체스판 위의 개미 알고리즘 질문"
302,"C++ 동적 할당 배열 질문"
303,"객체지향 코딩 설계 도와주세요!!(c++)"
304,"moving average filter의 taps수를 지정하고 싶은데 scanf()함수를 어디에 추가하면 좋을까요?"
305,"vscode c++ 빌드가 안돼서 질문드립니다."
306,"C++ 언어 가장 어려운 부분은 무엇인가요"
307,"C++ 함수에서 여러개의 값을 동시에 리턴하는 방법을 알고싶습니다."
308,"변수를 반복해서 선언하는법"
309,"메모장에서 C언어 코딩하기 질문입니다! (C언어의 개발환경) ㅎ"
310,"자바 질문이요"
311,"백준 1926번 문제 질문드립니다."
312,"C / C++책 고르고 싶은데요.."
313,"[c++]변수 동적 생성"
314,"[c++]동적할당한 bool타입의 2차원배열의 주소를 저장하는 배열은 어떻게 만드나요?"
315,"clion 한프로젝트내 메인함수를 가지고있는 여러 어플리케이션 운용방법 좀요 ㅠㅠ(vs2019에서 빌드에서 제외와 같은 기능 필요)"
316,"AVN 개발자 전망 어떤가요?"
317,"c에서 돌아가던 알고리즘을 c#으로 수정을 해야합니다."
318,"초보자입니다. C++코드리뷰 받고싶습니다."
319,"게임 개발할때 c++과 파이썬은 최적화 부분에서 얼마나 차이나나요?"
320,"C++ 상속문제 질문드려요!"
321,"c++ STL 반복자 질문입니다. 그런데 중첩 템플릿을 곁들인"
322,"c언어 버그가 나는데 어떤 문제인지 모르겠습니다(리스트)"
323,"Visual Studio Code에서 C/C++ 구동세팅 중 g++ 컴파일러 연동 질문입니다."
324,"c++ 가상함수 질문"
325,"코딩 테스트 관련 질문드립니다"
326,"c++ 파일입출력 - wav file부분 질문입니다"
327,"서울부산 자바국비지원 무료교육 모집중!"
328,"[대학생·취준생] C++ 문제풀이 스터디(온라인·오프라인병행)"
329,"c++포인터 및 배열에 대한 간단한 질문입니다!!"
330,"소켓통신(TCP) 질문이 있습니다"
331,"vscode 입문자 질문 여러 개 있습니다 ㅠㅠ"
332,"using과 포인터의 위치에 대해 자문을 구합니다."
333,"c++ 공부 어떻게하면 되나요?"
334,"MFC timer 관련 질문합니다."
335,"64-bit enum bit-wise operation bug in VC10 x64 => need help!"
336,"c++20 cout u8"""" 사용법"
337,"effective c++ 스터디"
338,"libstdc++ 빌트인 함수 질문입니다"
339,"MFC CString dbgheap.cpp 1044Line Error..."
340,"vscode c++ 설정 오류 질문이요."
341,"C++와 알고리즘 서적 추천 해주세요~~"
342,"응용프로그램 개발 언어 추천 + 진로 상담 부탁드립니다."
343,"C언어 const int (dev c++)"
344,"안녕하십니까 초년생 여쭙니다!"
345,"vscose 랑 vscode2019 차이가 무엇인가요?"
346,"C언어 문법 질문드립니다."
347,"백준 1924, 요일 구하는 알고리즘 질문입니다."
348,"QT 컴파일 관련 질문입니다."
349,"c++ 단방향 연결리스트 클래스를이용한 구현"
350,"델파이 VertScrollBar 질문입니다."
351,"[C++] 클래스 생성자 질문드립니다."
352,"C++ python 프로젝트 찾아요"
353,"C++ 에러 질문(초보)"
354,"[C++] 구조체 소켓 통신 질문"
355,"c++ 기초질문"
356,"C++ heap 메모리에 있는 배열 해제시 메모리 누수가 발생합니다."
357,"C++ 공인인증서 .key파일 사용하기"
358,"초보자 질문"
359,"visual studio error"
360,"C/C++ visual studio rand()함수 반복문시 포인터 오류"
361,"라즈베리 파이로 서버 만들어보려고하는데 괜찮을까요"
362,"[C++] DLL에서 템플릿 사용 문의사항"
363,"C++복소행렬 관련 질문드립니다."
364,"완료"
365,"C++ qt c Python 개발자 구직 ffmpeg"
366,"DirectX 11 셰이더 질문입니다!"
367,"[질문]c++ 사용법"
368,"코테 자바스크립트로 해도 괜찮을까요?"
369,"c++ for문 모르는 문제 풀어주세요."
370,"c++ for문 모르겠어요"
371,"c++ overflow 질문"
372,"Quad-Node 를 이용하여 스킵리스트 구현"
373,"c언어 텍스트 파일 입출력 관련해서 질문드려요"
374,"값 저장에 관한 질문"
375,"Rust 시작하기"
376,"(서울) 언리얼 게임개발 과외합니다. (폴가이즈 만들기)"
377,"맥 사용중이고..vscode에서 C/C++ 초기 설정하는 방법 알려주세요..ㅜㅜ"
378,"C++ 함수 배열 문제"
379,"안녕하세요 3일째 c언어 과제하다가 안돼서 질문 올려봅니다"
380,"CMake로 빌드후 프로젝트 실행시 액세스 거부 메시지가 뜹니다 ㅠㅠ"
381,"알고리즘 시간복잡도 관련 질문 드립니다."
382,"c/c++ 에서 실행파라미터로 파일을 입력받을때 질문드립니다."
383,"PS 프로그래밍 언어 질문"
384,"c++ 문자 찾기 질문드립니다"
385,"현재 c++로 공공 데이터 api를 불러오는 프로그램을 제작하려고 하고 있습니다"
386,"c++ for문 모르겠어요"
387,"c언어 텍스트 파일 입출력 관련해서 질문드려요"
388,"값 저장에 관한 질문"
389,"Quad-Node 를 이용하여 스킵리스트 구현"
390,"Rust 시작하기"
391,"C++ 함수 배열 문제"
392,"(서울) 언리얼 게임개발 과외합니다. (폴가이즈 만들기)"
393,"맥 사용중이고..vscode에서 C/C++ 초기 설정하는 방법 알려주세요..ㅜㅜ"
394,"c/c++ 에서 실행파라미터로 파일을 입력받을때 질문드립니다."
395,"안녕하세요 3일째 c언어 과제하다가 안돼서 질문 올려봅니다"
396,"c++ 문자 찾기 질문드립니다"
397,"알고리즘 시간복잡도 관련 질문 드립니다."
398,"CMake로 빌드후 프로젝트 실행시 액세스 거부 메시지가 뜹니다 ㅠㅠ"
399,"PS 프로그래밍 언어 질문"
400,"현재 c++로 공공 데이터 api를 불러오는 프로그램을 제작하려고 하고 있습니다"
401,"[VC++] MBCS(Multibyte Characterset) 환경에서 인코딩 질문 드립니다."
402,"상업적으로 이용 가능한 GUI 프로그래밍"
403,"C++ 코드 질문좀요!"
404,"C로 DLL 만드려고 하는데 확장자가 Cpp입니다."
405,"C++ 질문드립니다 ㅠㅠ"
406,"여러 버전의 소스코드 통합 방법"
407,"C++ 문자열 자르기"
408,"C++ 시간 복잡도 질문"
409,"TCP 통신 질문드립니다."
410,"c++ 생성자 에러가 났는데 왜 에러난건지 모르겠네요.."
411,"[간단] c++ 명령행 매개변수 질문드립니다.."
412,"c,c++로 무엇을 할 수 잇는지 궁금합니다.   파이썬과비교"
413,"C++ UDP 대용량 전송 조언좀 부탁드립니다."
414,"MFC, HtmlHelp.lib 관련"
415,"MFC HtmlHelp() 함수"
416,"c++ 해당 함수 해석좀 도와주세요.."
417,"c++ 동적배열에 대해서 질문이 있습니다."
418,"c++ 새내기 질문"
419,"[ C++ 질문] 코드 짜다가 질문 드립니다"
420,"C/C++ rand()함수 반복문시 포인터 오류"
421,"비쥬얼 스튜디오 C++ 기반 API에서 대화상자관련 질문입니다."
422,"구조체를 이용한 RPG"
423,"c++ 예외"
424,"c++ 동적할당 delete 오류 제발 도와주세요 ㅠㅠ"
425,"C++ 객체배열 동적생성 관련 질문!"
426,"게임개발자를 위한 물리 10챕터 관련 질문"
427,"c++ using namespace 관련 질문입니다."
428,"C++에서 python으로 매개변수 2개이상 전달"
429,"2차원배열 질문"
430,"이해가 잘안가요 ㅜㅜ"
431,"C++ MergeSort 관련 질의"
432,"long 유무 차이점"
433,"for문 겹쳐쓰기"
434,"Cython사용하여 py -> C++ DLL로 변환하기"
435,"c++질문이요"
436,"VC++, MFC 28년차, 자체서버개발가능, swift, java(android), mysql. (비상주이면 무슨일이나)"
437,"c++ main에서 static을 쓰지 않는 이유"
438,"Windows에서 지정한 화면을 특정 창에 실시간 복제 재생"
439,"MFC, C++ 메모리 누수 관련 도움좀 부탁드립니다."
440,"입력받은 수를 다시 나눈것을 어떻게 하는지 궁금해요"
441,"코딩테스트를 준비하고 있습니다?"
442,"Cython으로 pyd 생성하기, Error"
443,"VSC에서는 어째서 main 함수 2개여도 컴파일이 되는건가요?"
444,"NoSQL 프로그래밍 실무 - 무료교육 -"
445,"[구직]c/c++, c#, delphi 구직.개발 합니다."
446,""
447,"이런경우엔 pyd가 잘못 만들어진건가요?"
448,"고수분들 중 c++14버전 쓰는분이 많나요?"
449,""
450,"C++에서 python dll인 pyd호출하기"
451,""
452,"var) """
453,"C++ 포인터 어렵네요 ;;"
454,"python pyd 파일 만들기"
455,"python,C++ 연결, python exe 활용"
456,"[c++]모던C++17 에 대한 도서 추천 부탁드립니다"
457,"[ 무 료 교 육 ] NoSQL 프로그래밍 실무 (9/16~17)"
458,"winapi (win32) 스페이스 인베이더 게임 ( 총알쏘는거 어떻게 하나요)"
459,"DB의 로그인 시간 제한 만료를 강제로 낼 수 있을까요?"
460,"python3.8사용, 파이썬'없이' Visual Studio로 만든 프로그램 배포하는 방법"
461,"src.substr에서 src는 무엇을 가리키는 건가요?"
462,"책 따라하면서 공부 중인데 책에 있는 코드가 에러가 나와요(strcat, strcat_s)[C++]"
463,"c++ 작은 고민이 한개 있습니다"
464,"C ++강의 추천해주세요"
465,"웹 개발자, 리액트 오픈 카톡방에서 사람 모집중입니다 ! (2차 등록)"
466,"코딩 공부하실분 모집합니다."
467,"c++ 응답 밀림현상.."
468,"간단한 배열 대입 루프문 질문드립니다."
469,"SDK에서 새 프로젝트를 만들 때 라이브러리 포함 문제에 대해 질문드립니다."
470,"Os에 종속적인 언어 이유 질문입니다"
471,"C++ 포트폴리오"
472,"이번에 취업했는데 조언이나 의견 부탁드립니다. 신입 연봉이나 커리어 등"
473,"python list/dictionary Object 들을 받아와서 C++ class로 강제 casting 하고싶습니다."
474,"혹시 C나 C++ 언어로 취업에 대해서 조언 좀 부탁드려도 될까요?"
475,"c++ 입문 7일차 질문하겠습니다!!"
476,"프로그램 개발"
477,"C++ https 요청"
478,"python __dict__ / __main__ 뜻"
479,"디스크 사용 문제"
480,"boost python 빌드 에러 질문입니다."
481,"Stack을 구현해봤는데 pop을 해도 마지막에 넣은 값만 출력됩니다."
482,"LNK 1104 boost python 링크오류 해결방법좀요...ㅠㅠ"
483,"[질문] boost python에서 dict.hpp 사용해서 C++로 자료구조 옮기기"
484,"파이썬 자료구조를 C++로 그대로 가져다 쓸 수 없나요?"
485,"C++ IDE나 컴파일러 중에서 콘솔창을 함께 볼 수 있는 프로그램이 있나요?"
486,"두림야스카와 R&D인재 모집"
487,"c++ 공부를 하다 질문 좀 드립니다"
488,"라이브러리에 있는 함수를 볼 수 있는 방법이 있을까요?"
489,"c++ 사각형"
490,"C++ 소스 파일명 컨벤션"
491,"c++ 컴파일오류 TV클래스"
492,"quora에 재밌어보이는 글이 올라왔는데"
493,"C++ 코드인데 도대체 이해가 안가네요.(난이도 상)"
494,"c++읽기 액세스 위반"
495,"OPENCV 4.3 VideoCapture 문제  ( c++ )"
496,"다중 반복문을 변수 n개만큼 만들어야한다면 어떻게 해야하나요?"
497,"C언어 완전 초보 대학생 질문드립니다..."
498,"c++ 대학교1학년 헤더코드 질문"
499,"mfc 성적 계산기 과제중인데 등급때문에 몇시간째 해결되지 않네요.."
500,"C언어 구조체 멤버변수 주소 관련"
501,"[C++] merge sort 관련 오류가 나서 질문드립니다."
502,"Opencv 공부중인데 계속 오류가 뜨네요"
503,"알고리즘 문제를 풀었는데 오류가 납니다"
504,"C++/CLI 를 중점적으로 다룬 한글 책이 있을까요?"
505,"안녕하세요 조언 구하고 싶습니다."
506,"다음과 같은 c언어 코드를 c++에서 어떻게 표현할 수 있나요"
507,"[마감]삼성 코딩테스트 대비 알고리즘 스터디원 충원합니다(c++)"
508,"c++ 대학교1학년 헤더코드 질문"
509,"mfc 성적 계산기 과제중인데 등급때문에 몇시간째 해결되지 않네요.."
510,"[C++] merge sort 관련 오류가 나서 질문드립니다."
511,"c++ 질문"
512,"OPENCV 4.3 VideoCapture 문제  ( c++ )"
513,"다중 반복문을 변수 n개만큼 만들어야한다면 어떻게 해야하나요?"
514,"C언어 완전 초보 대학생 질문드립니다..."
515,"C언어 구조체 멤버변수 주소 관련"
516,"Opencv 공부중인데 계속 오류가 뜨네요"
517,"알고리즘 문제를 풀었는데 오류가 납니다"
518,"C++/CLI 를 중점적으로 다룬 한글 책이 있을까요?"
519,"반복문이 종료되지 않는 이유?"
520,"반복문이 종료되지 않는 이유?"
521,"안녕하세요 조언 구하고 싶습니다."
522,"다음과 같은 c언어 코드를 c++에서 어떻게 표현할 수 있나요"
523,"[마감]삼성 코딩테스트 대비 알고리즘 스터디원 충원합니다(c++)"
524,"10*10단위행렬 출력하기"
525,"c++ printf, cout에 관해 질문드립니다."
526,"생초보 자료구조(힙, 연결리스트, 배열, 우선순위 큐)에 대한 질문"
527,"C언어하는 건 너무 돌아가는 것일까요?"
528,"단위 행렬"
529,"형변환"
530,"문장속에서 변하는 변수 포맷팅을 Cpp에서?"
531,"float 타입을 저장할때"
532,"pass by value"
533,"정의와 연산"
534,"C++ STL리턴하기"
535,"별이동 프로그램"
536,"출력이 안되는 상황ㅊ"
537,"[진지 고민] Abap 전망... 어떨까요?"
538,"코딩 입문자 공부 방향 및 방법 질문입니다."
539,"보안 솔루션 개발자의 꿈을 갖고 있습니다 하지만 길을 제대로 못보는 느낌에 조언을 구합니다"
540,"C언어 초보 배열 관련 질문"
541,"c++ 클래스 질문"
542,"[C++][STL] 수행시간 증가 문제"
543,"C++ 수행 시간 계속적으로 증가"
544,"visual studio 콘솔로 실행 할 때 입력없으면 실행이 진행 안되는 문제"
545,"힙 영역과 힙 알고리즘의 관계에 대해 궁금합니다."
546,"토스는 어떻게 공인인증서 없이 송금하는 건가요? 한편, 기존 공인인증서 계좌이체 원리라도 알려주시면 감사하겠습니다!"
547,"C언어 강의를 찾고 계시다면 홍정모의 따라하며 배우는 C언어(따배씨)로 시작하시는 건 어떨까요?"
548,"c++ 포인터, 멤버변수 질문"
549,"[모집 중]삼성 코딩테스트 대비 알고리즘 스터디원 2분만 더 모십니다(c++)"
550,"C++ 헤더파일 중복 관련 질문"
551,"C++ vector string 질문입니다"
552,"c++ 에서 if문"
553,"C++ PCM data에 관련한 질문입니다."
554,"기존 c++ 코드 gui 만들기"
555,"MFC가 구린가요?"
556,"C++산수중 약분 알고리즘에대해 여쭈어보고싶습니다!!!"
557,"MFC에서 MYSQL 쿼리문 실행이 안됩니다."
558,"(무료교육) 재직자 대상 빅데이터/스마트콘텐츠/소프트웨어 교육(파이썬, UNITY, R)"
559,"C++   C2027 정의되지 않은 형식 오류 해결 질문"
560,"부산  c++ 자료구조 스터디 하실분 모집합니다"
561,"군인인데 싸지방서 어떤 공부를 하는게 좋을까요??"
562,"임베디드 소프트웨어(리눅스,안드로이드기반) fota관련하여 해보신분 있으신가요~?"
563,"c++의 클래스 선언 시에.. 클래스 안의 함수에서 사용하는 변수를 그 함수 선언보다 늦게 선언해도"
564,"C++에서 포인터 선언을 하는데 오류가 납니다.. ㅠㅠ"
565,"c++ std::string::iterator&가 매개변수일 때 인자 넘기는 방법"
566,"C++ DLL 관련 질문입니다!"
567,"C++ 스마트포인터 관련해서 질문이 있습니다."
568,"C++ 에서 형변환 시 쓰레기 값"
569,"c++ for문돌면서 문자열 입력받기"
570,"무한 루프가 들어간 코드(break 포함)를 무한반복하고싶습니다.(c언어,winapi)"
571,"리눅스 Shared Object 참조 관련해서 문제가 있습니다."
572,"openGL을 공부하려는데"
573,"C++ DCT source code 확인 부탁드립니다."
574,"c++ map의 value가 구조체인데 value로 오름차순 또는 내림차순 정렬하는 법좀 알려주세요 ㅠ"
575,"c++ 바이섹션 도움 요청"
576,"C++ Openssl 라이브러리를 사용해서 HTTPS 인증서를 생성하는데 문제가 있습니다."
577,"함수 호출 관련 질문"
578,"프로그래밍(코딩)학원 c언어, 자바, 파이썬, c++, 자료구조, JSP 등"
579,"C++ 입문서 추천해주세요"
580,"프로그래밍인강"
581,"JSP를 이용하여 웹개발 후"
582,"비쥬얼 스튜디오로 백업해 논 소스 복사 붙여넣기했는데 컴파일오류가 나옵니다."
583,"[패스트캠퍼스] 열심히 공부하고 수강료 100% 환급받자! : 자료구조/C/C++/운영체제/시스템프로그래밍"
584,"c/c++ (윈도우)gui 개발 뭘로하시나요?"
585,"qt creator 어떻게 배우는게 좋을까요"
586,"qt creator에서 선택한 텍스트만 크기변경하기"
587,"고정소수점 구현 방식에 대해 궁금합니다."
588,"[OKKY회원분들 안녕하세요] 의뢰 좀 하려 합니다!"
589,"진로에 대한 고민이 많은 대학생입니다."
590,"php mail함수 질문드립니다"
591,"C++로 작성된 github 프로젝트 제작 시 레포지토리의 폴더구조를 어떻게 설정하는지 궁금합니다."
592,"안드로이드 fcm 수신.."
593,"c++ curl post예제 질문드립니다."
594,"curl php return 값...?"
595,"php url 호출 질문드립니다"
596,"php return 질문드립니다"
597,"fcm 오픈소스 질문드립니다"
598,"C++ mfc Dialog 질문드립니다"
599,"fcm 도움 부탁드립니다.....간절하게...."
600,"c++,자바 fcm 도움부탁드립니다"
601,"fcm, gcm 관련하여..."
602,"c++ api 질문드립니다"
603,"c++ 소스코드 공유? 질문드립니다"
604,"rest api?"
605,"c++에서 카톡보내기 or 문자보내기 질문드립니다"
606,"Critical_section 구현하는데요. 실행은 되는데 프로그램 에러가 납니다"
607,"다음과 같은 영상 정ㅂ보 처리 시스테을 구축하는데 필요한 것은 OpenCV 인가요?"
608,"C++11 유니폼 초기화와 initializer_list 기초적인 질문"
609,"C/C++ GUI"
610,"c++ 리소스파일 도와주십시오"
611,"c++ 외부 프로젝트 참조 도와주십시오..."
612,"c++ 질문드립니다"
613,"데몬 작성에 대한 참고 문의..."
614,"String 클래스를 새로 만드는 과제 중 해결이 되지 않는 부분이 있습니다."
615,"C++ 게임 개발 GUI관련 질문합니다!"
616,"c++ 데이터베이스 연동....도와주십시오"
617,"cafe24 질문드립니다"
618,"C++창시자 '비얀 스트로스트롭'의 C++ 이야기"
619,"c++ refresh 질문드립니다"
620,"c++ stl vector를 이용해서 2차 이상의 배열 구현하기 코드.... 뭐가 잘못된걸까요?"
621,"C계열 언어 실행파일 (exe) 실행시 필수 설치 프로그램"
622,"c++ sort함수에서 클레스 함수포인터 질문.."
623,"꿈나무 개발자가 소켓통신 질문드립니다!"
624,"C++ 정적 라이브러리 링크 관련 질문"
625,"C++ 문자열 정렬하는것 좀 도와주실 수 있나요"
626,"링킹과정에서 스택메모리가 이상한 위치로 할당되는 경우도 있나요?"
627,"C++ stl list의 각 요소들의 주소가 사용자 모르게 바뀔 수 있을까요?"
628,"Visual Studio사용중인데요 재배포 가능 패키지라는게 뭐죠?"
629,"vector 내부의 임의의 데이터를 효율적으로 지울 방법은 뭐가있나요?"
630,"it전문교육기관 프로그래밍언어부터 배우자"
631,"포인터를 인수로 가지는 벡터의 사용법이 어떻게 되나요?"
632,"c++ 로 만들어진 프로그램을 웹에 올릴수 있나요??"
633,"c++ refresh 질문드립니다"
634,"c++ stl vector를 이용해서 2차 이상의 배열 구현하기 코드.... 뭐가 잘못된걸까요?"
635,"꿈나무 개발자가 소켓통신 질문드립니다!"
636,"C계열 언어 실행파일 (exe) 실행시 필수 설치 프로그램"
637,"c++ sort함수에서 클레스 함수포인터 질문.."
638,"C++ 정적 라이브러리 링크 관련 질문"
639,"C++ 문자열 정렬하는것 좀 도와주실 수 있나요"
640,"링킹과정에서 스택메모리가 이상한 위치로 할당되는 경우도 있나요?"
641,"C++ stl list의 각 요소들의 주소가 사용자 모르게 바뀔 수 있을까요?"
642,"Visual Studio사용중인데요 재배포 가능 패키지라는게 뭐죠?"
643,"vector 내부의 임의의 데이터를 효율적으로 지울 방법은 뭐가있나요?"
644,"it전문교육기관 프로그래밍언어부터 배우자"
645,"[비트교육센터] 4월 프로그래밍 과정 (C, C++, Java, Python)"
646,"포인터를 인수로 가지는 벡터의 사용법이 어떻게 되나요?"
647,"c++ 로 만들어진 프로그램을 웹에 올릴수 있나요??"
648,"[비트교육센터] 4월 프로그래밍 과정 (C, C++, Java, Python)"
649,"c++ stl의 set을 직접만든 클래스와 함께 쓰고싶은데 알수없는 런타임 에러가 나옵니다."
650,"카카오 문제 사이트에 나온건데 이거 왜 틀린걸까요?"
651,"[비트교육센터] 3월 단기 핵심 과정 (C, C++, JAVA, Python)"
652,"[비트교육센터] 3월 단기 핵심 과정 (C, C++, Java, Python) 3/4 개강!!"
653,"알고리즘 공부를 해볼까 하는데 C++ 배우는게 많이 편할까요?"
654,"[개발자모집] C / C++  정규직 개발자 분들을 모십니다."
655,"embedded linux나 linux base의 c/c++ 관련 커뮤니티들?"
656,"초보자 분들이 무료로 공부하기 좋은 곳"
657,"C++ 매개변수 참조자 질문입니다."
658,"c 와 c++의 파일 크기와 속도에 대해서 궁금합니다."
659,"C++ 문자열 읽는데 오류가 발생해서 질문드려요!"
660,"C++ void 포인터를 이용해서 this 객체에 접근"
661,"응용 프로그램은 C++에 버금가는 언어는 없나요?"
662,"C++ 함수 빠져나오는 방법"
663,"c++ 클래스 선언 링크 어떻게 하나요??"
664,"c++ virtual 파괴자의 사용"
665,"포인터로 정적객체를 이용하고 싶은데 방법을 모르겠어요"
666,"자식클래스는 어디다가 작성해야하나요"
667,"신입 개발자 자기개발 고민입니다."
668,"ODBC 쿼리문중 ?를 이용한 쿼리문에 parameter bind 질문 드립니다."
669,"[완료]즉시 투입 가능한 프로젝트 구합니다"
670,"c++ 쓰레드 동기화에서 실행이 안되는 오류 입니다."
671,"헤더파일이랑 cpp파일이 너무 많은데 이거 정리할 수 없을까요"
672,"윈도우 창 만들 때 자식 윈도우 창을 따라다니게 하고 싶습니다."
673,"소켓 관리를 어떻게 해야 할까요?"
674,"UI 자동 테스트 모듈을 개발하려고 하는데 어떻게 시작해야 할지 질문 드립니다."
675,"node.js에서 C++으로 작성된 프로그램에게 요청"
676,"mfc 파일 열기 클릭 시 한글 깨짐 질문 드립니다."
677,"C++ 예제 많은 교재나 사이트는 뭐가 있을까요?"
678,"C++ 함수 호출 질문입니다.ㅠㅠ"
679,"C++ 상수 네이밍 어떻게 하시나요?"
680,"[건대][끌올] 빡세게 진행하는 오프라인 알고리즘 스터디 모집합니다. (2명 남음)"
681,"#if defined(DEBUG) | defined(_DEBUG) 이게 무슨뜻인가요?"
682,"c++ MFC 텍스트 드래그 하기!"
683,"파일과 관련해서 포인터 활용방법을 잘 모르겠어요"
684,"[국비지원 취업과정] 금융 IT기반 핀테크 융합 전문가 양성과정 모집 ~~!!!"
685,"제가 문자열 읽는 방법이 뭔가 잘못된 걸까요"
686,"c++ / 어떤 객체의 접근만 허용하는 방법 있을까요?"
687,"메인함수가 없어도 실행이 될 수가 있나요??"
688,"솔루션과 프로젝트의 구분을 잘 모르겠어요"
689,"형변환 질문.."
690,"??공공장소 블록체인 코어개발 스터디 - 블록체인코어의 개념과 프로그래밍 Skill Up을 동시에!"
691,"함수객체를 만드는 연산자함수에 const를 붙이냐 안붙이냐로 구분할 수 있나요?"
692,"[한국정보기술연구원] Linux기반 임베디드 교육 과정(C/C++, Linux 등) - 전액국비(10/1개강)"
693,"C언어 잘하시는분 질문드립니다!"
694,"??공공장소 블록체인 코어개발 스터디3기 - 마스터링 비트코인과 Modern C++교재"
695,"왜 *this가 인스턴스에요? this '포인터'의 포인터인데..."
696,"공공장소 블록체인 코어 개발 스터디 3기를 시작합니다."
697,"문법과 동시에 코드 잘짜는법을 배우고 싶은데요"
698,"c++ MFC 커스텀 다이얼로그 OR 커스텀 SDI"
699,"friend class 의 상속 질문입니다!"
700,"C++ Korea 제4회 세미나 - ""C++ 프로젝트 ~ 처음 만난 세계"" 개최합니다."
701,"Char* to Struct 질문있습니다"
702,"MFC ODBC 사용 중"
703,"template 스택을 cout연산자로 출력하고 싶은데 오버로딩 어떻게 해야하나용...."
704,"모든클래스를 템플릿으로 만들어야하나요?"
705,"c++ 입문자입니다. 컴파일이 안되요 ㅠㅠ"
706,"[C++] cin으로 동시 입력받을 때 버퍼에 관해서"
707,"C++) 반복되는 If구문을 더 줄일 방법이 없을까요?"
708,"C++ DB(MSSQL) 연결"
709,"c++에서 파일 읽으려 하는데 질문입니다 ㅠ"
710,"endl은 정테가 뭐고... 왜 \n을 이런식으로 쓰는건가요?"
711,"javascript getter setter 쓰는 이유에 대해서 논의하고 싶어요."
712,"C) ""문자열""을 기준으로 문자열을 자르는방법..?"
713,"C++짠프로그램을 안드로이드 어플에서 쓸수있을까요?"
714,"생성자에도 가상화를 해주는 경우가 있나요?"
715,"C++ 교육과정 궁금한 분들은 클릭!!"
716,"안녕하세요, C++을 활용한 메신저 응용프로그램을 만들고자 선배님들께 도움 요청합니다."
717,"c++ 배열 크기 구하는 size 함수 관련 질문 있습니다"
718,"C++언어 전문과정 필요한 분들은 KG아이티뱅크로 ㄱㄱ!!"
719,"C++학원추천 종로, 강남, 구로, 연지, 동대문, 부산, 대구"
720,"cin.getline() 과 getline()이 다른건가요?"
721,"구조체 변수 전방 선언 ,프로토타입 선언 오류"
722,"IT 개발 프로그래밍 학습 네이버 카페를 소개해드릴까 합니다."
723,"이 자바스크립트 코드를 java 코드로 바꾸면 어떻게 되나요?"
724,"알고리즘 언어 선택"
725,"[드림외주] 외주개발 프로젝트 구합니다."
726,"c++을 공부하고 있는데요. 동적할당을 언제 쓰는 건지 잘 모르겠네요."
727,"JAVA, C++ 재택근무 가능한 일자리 찾습니다"
728,"메모리 뻑나는 곳(free) 찾는 노하우 좀 가르쳐 주세요."
729,"【드림외주】 개발 프로젝트 구합니다."
730,"프로그램 외주 개발 프로젝트 구합니다."
731,"알고리즘 해결 과정에 대해 질문 드립니다."
732,"[c++] Linux 에서 프로세스간 공유메모리 사용시 질문입니다.."
733,"WBCS 기반 문자열 출력하기"
734,"안녕하세요? 안드로이드와 C++ 간 통신에 대해 궁금한 점이 있어 글을 남깁니다."
735,"개발자 선배님들 요즘은 어떤 UML툴을 사용하십니까?"
736,"[ 2/9 개강] Smart Factory 구축 U-Service 응용 SW엔지니어링 과정 (국비과정)"
737,"[ 2/9 개강] Smart Factory 구축 U-Service 응용 SW엔지니어링 구직자 과정 (국비과정)"
738,"포트폴리오와 국비에 관해서 물어볼 게 있습니다."
739,"헤더파일의 정의와 구현을 별도의 파일에 하는 것이 일반적인가요?"
740,"이펙티브 씨플플"
741,"c++에서 System함수 질문입니다."
742,"c++ system함수 환경변수"
743,"C#,C++,MFC,java 차이점과 전망좋은 언어"
744,"c++ 자료구조 이진트리 관련 조언을 받을수 있을까요?"
745,"C++ 클래스 설계 질문 드립니다."
746,"c++ 기초적인 질문입니다. uint8_t 배열의 길이를 어떻게 알수있나요?"
747,"c++ 오류 - 파일 리스트를 읽어와 제목 저장 시, 20개 단위로 자를 때"
748,"항아리 게임 만드는 방법 : C++ vs. Unity"
749,"c++ db 질문."
750,"c, c++ 둘 다 -lm 옵션을 쓸 수 있나요?"
751,"제 프로젝트의 repository를 github에 오픈하고 싶은데 어떤 라이센스가 좋을까요?"
752,"foreach 질문할것이 있습니다."
753,"c++ 문자열 질문"
754,"c++ 클래스 접근 문제입니다 ㅠㅠ 도와주세요"
755,"헤더파일의 정의와 구현을 별도의 파일에 하는 것이 일반적인가요?"
756,"c++ system함수 환경변수"
757,"이펙티브 씨플플"
758,"C#,C++,MFC,java 차이점과 전망좋은 언어"
759,"c++에서 System함수 질문입니다."
760,"c++ 자료구조 이진트리 관련 조언을 받을수 있을까요?"
761,"C++ 클래스 설계 질문 드립니다."
762,"c++ 기초적인 질문입니다. uint8_t 배열의 길이를 어떻게 알수있나요?"
763,"항아리 게임 만드는 방법 : C++ vs. Unity"
764,"c++ 오류 - 파일 리스트를 읽어와 제목 저장 시, 20개 단위로 자를 때"
765,"c++ db 질문."
766,"c, c++ 둘 다 -lm 옵션을 쓸 수 있나요?"
767,"제 프로젝트의 repository를 github에 오픈하고 싶은데 어떤 라이센스가 좋을까요?"
768,"foreach 질문할것이 있습니다."
769,"c++ 클래스 접근 문제입니다 ㅠㅠ 도와주세요"
770,"c++ 문자열 질문"
771,"[완전초보] c++ 전역변수 질문합니다"
772,"SW창업 - 크로스플랫폼 개발툴과 저작권/개발도구 라이선싱문제 질문합니다! 선배님들의 조언이 필요합니다."
773,"[완전초보] c++ setprecision과 setw(n) 질문입니다 도와주세요 ㅜㅜ"
774,"c++ 질문하고 싶습니다(sort 관련)"
775,"C로된 웹프로그래밍 소스 test에 관하여"
776,"c++질문있습니다"
777,"비쥬얼 스튜디오 문제요! 숨겨놨던 주석들이 코드를 치면서 갑자기 툭 튀어나옵니다..ㅠㅠ"
778,"안녕하세요, 가입인사 및 고수님들의 조언을 바랍니다..^^"
779,"템플릿을 활용하여 배열 합치기 중 오류 질문드립니다."
780,"vc++ 에서 c# 변환시키는 프로그램 아시는분있나요??"
781,"[SQI소프트] 안녕하세요, 우면동 프로젝트 안내 드리려 합니다.(C/C++)"
782,"C++ cout/cin 오버로딩 관련 질문드립니다."
783,"c++ 코딩 질문 드립니다."
784,"c++로 도서관리 프로그램을 만들어보는 중입니다. 도와주세요 ㅠ"
785,"make 프로젝트를 cmake 프로젝트로 넘기기"
786,"PHP 고급 (정규직) , 마젠토 (엔터프라이즈) 개발 가능하신 메인/서브 개발자분 초빙합니다."
787,"[서울] 윈도우 응용프로그램 개발자"
788,"[유니콘] 광고 차단 SW 윈도우 개발"
789,"MSDN 사용법에 대한 질문입니다"
790,"[대전] 가상현실(VR) 개발자 모집"
791,"가상현실(VR) 개발자 모집"
792,"3제곱근은 어떤식으로 구해야하나요?"
793,"웹 개발자 (Java / JSP) 모집"
794,"재택일감구합니다 25년경력 frontend/backend/embedded software engineer"
795,"**증권hts(클라이언트 개발) 6개월단위 계약직"
796,"없음"
797,"[정규직] 대구(유명 게임사)_서버개발자 대리과장"
798,"[C언어, C++ 무료 강의와 스터디모임을 하고 있는 카페입니다.]"
799,"안드로이드 opencv 질문입니다ㅜㅜ넘 간절합니다..ㅠㅠ"
800,"C++에서 meta_data를 통해 source 정보 표시하기(like java annotation)"
801,"[서울역/1개월/중급] PDA 개발자 모집 [외주+프리랜서]"
802,"프로젝트 개발자를 구합니다(초급~고급)"
803,"[강남, 교대, 서초]C/C++, 자료구조/알고리즘 실무코드로 실무강의"
804,"C언어, C++ 스터디 카페를 소개합니다."
805,"html5 c++ Canvas"
806,"[정규직] **그룹 계열사 *** 포지션 검토 부탁드립니다"
807,"[정규직] 서버 플랫폼 개발 (6명, 커머스부문, 미디어부문 등) : 대리~과장급"
808,"C++ 로 raw 이미지 반전주기 질문입니당~!ㅜ"
809,"""A Tour of C++""이란 책 어떻나요?"
810,"C++빌더 온라인 세미나가 있습니다. - 나만의 C++애플리케이션 완성하기"
811,"C언어 공부방법 조언 부탁드립니다."
812,"[서울, 구인] C++, Delphi, 자바 개발자 정규직 채용합니다."
813,"[8월 모집중] 프로그래밍 언어 마스터 과정"
814,"c++기반 sdk와 안드로이드 앱의 연결"
815,"[대전] C++경력개발자 및 C#경력개발자 구합니다. (정규직)"
816,"IVR 개발자, 서울 금천, 정규직"
817,"[프리랜서] 현대캐피탈 경력직 개발자 채용"
818,"C++에서 2차원배열을 함수로전달할때 두가지 방법에 대해"
819,"[헤드헌팅_정규직]  C/C++ 개발자"
820,"C++ winform 프로그래밍"
821,"[정규직]음성인식 및 가상상담 연구, 개발를 담당할 C/C++, Java, Python 개발자를 모십니다."
822,"씨쁠쁠 고수분 리눅스에 .so파일 만드는 법좀 알려주세요 ㅜㅜㅜ"
823,"Tomcat 구동 중 jre c++ debug error가 발생하더니 tomcat이 죽네요;;"
824,"수도권 /지방 SM 및 SI프로젝트"
825,"[음성인식 및 가상상담]C/C++, Java, Python 개발자 구인"
826,"서울권 SM 및 SI프로젝트"
827,"[정규직]C/C++, Java, Python 개발자 구인!"
828,"[정규직]C/C++, Java, Python 개발자를 모십니다."
829,"서울권 SM 및 SI프로젝트 검토 부탁드립니다."
830,"개발자가 행복한 창소프트에서 윈도우 응용프로그램 개발자를 구합니다."
831,"서울권 SM 및 SI프로젝트(금융 및 비금융 )검토 부탁드립니다."
832,"[닷넷/proc/c++/안드로이드] sm 및 si프로젝트 검토 부탁드립니다."
833,"JAVA, C++ 정규직 개발자 채용"
834,"세종/수도권/서울 중.장기  sm 및 si프로젝트[초급-고급]"
835,"[NW_151229_1] 프로젝트 정보 전달드리며, 많은 지원 부탁드립니다"
836,"Linux    C, C++  개발자 모집(정규직)"
837,"Visual C++, MFC  개발자 모집(정규직)"
838,"신입 개발자입니다. 하소연과 포함하여 선배님들께 궁금한게 있습니다."
839,"서울권 금융 및 비금융 sm 프로젝트"
840,"서울권 중장기SI 프로젝트 [C++ / 자바 / DW / C# / PLSQL 등 ]검토 부탁드립니다."
841,"서울권 sm프로젝트[금융 및 비금융 자바 및 VC++ :::  초급-중급]"